{"count":1,"self":1132.4859391999998,"total":1169.2080591,"children":{"AgentSendState":{"count":58170,"self":0.9026947,"total":1.6354335999999998,"children":{"CollectObservations":{"count":174510,"self":0.6759061,"total":0.6759061,"children":null},"CollectDiscreteActionMasks":{"count":174510,"self":0.056832799999999996,"total":0.056832799999999996,"children":null}}},"DecideAction":{"count":58170,"self":26.7736752,"total":26.773675899999997,"children":null},"AgentAct":{"count":58170,"self":8.3120408,"total":8.3120406999999989,"children":null}},"gauges":{"3DBall.CumulativeReward":{"count":141553,"max":5.09999657,"min":-2,"runningAverage":-1.963089,"value":-2,"weightedAverage":-1.9801755}},"metadata":{"timer_format_version":"0.1.0","start_time_seconds":"1630370055","unity_version":"2020.1.4f1","command_line_arguments":"C:\\Program Files\\Unity\\2020.1.4f1\\Editor\\Unity.exe -projectpath E:\/30313\/3D Ball 30313 -useHub -hubIPC -cloudEnvironment production -hubSessionId 5c5f95b0-09ed-11ec-91dc-55ce5520d62d","communication_protocol_version":"1.0.0","com.unity.ml-agents_version":"1.0.8","scene_name":"SampleScene","end_time_seconds":"1630371224"}}